<?xml version="1.0" encoding="utf-8"?>
<page type="KitNode" key="KIT_EMOTICON" title="表情专属" version="1" resetable="yes">
	<section title="表情大小设置">
		<item type="value" key="KIT_EMOTICON_SCALE" title="表情消息缩放大小" defaultValue="2.0" step="0.1" maxValue="2.0" minValue="1.0"/>
        <item type="value" key="KIT_EMTOICON_MAX_SIZE" title="表情消息的最大物理尺寸" defaultValue="150" step="5" maxValue="250" minValue="120"/>
        <item type="switch" key="KIT_EMOTICON_STORE_USE_2X" title="官方表情消息使用二倍图" defaultValue="YES"/>
        <item type="switch" key="KIT_EMOTICON_PREVIEW_USE_1X" title="预览页使用一倍图" defaultValue="NO"/>
        <item type="switch" key="KIT_EMOTICON_PREVIEW_MAX_SIZE_SAME" title="预览页最大尺寸是否和消息一致" defaultValue="NO"/>
    </section>
    
    <mode key="KIT_EMOTICON_GIT_PREVIEW_MODE" title="相册 GIF 预览" defaultValue="2">
        <option title="放大到屏幕边缘"/>
        <option title="二倍图"/>
        <option title="一倍图"/>
    </mode>
    
    <section title="表情其他设置">
        <item type="switch" key="KIT_EMOTICON_BOARD_PREFETCH" title="表情面板使用 PreFetch 特性" defaultValue="NO"/>
    </section>
    
</page>
